,dots,giocatore,squadra,ruolo,fantavoto,voto,gol_fatti_subiti,ammonizioni,espulsioni,rigore_parato_segnato,autogol,portiere_imbattuto,yyss,gol_fatto_subito,gol_su_rigore,assist,assist_da_fermo
1833,31,danilo l,udinese,D,6.0,6.0,0.0,0.0,0.0,0.0,0.0,0.0,2017-18,,,,
1851,31,de maio s,bologna,D,4.5,5.0,0.0,-0.5,0.0,0.0,0.0,0.0,2017-18,,,,
1146,31,bastos,lazio,D,6.0,6.0,0.0,0.0,0.0,0.0,0.0,0.0,2017-18,,,,
235,31,cragno a,cagliari,P,5.0,6.0,-1.0,0.0,0.0,0.0,0.0,0.0,2017-18,,,,
3479,31,pezzella ger,fiorentina,D,7.5,7.5,0.0,0.0,0.0,0.0,0.0,0.0,2017-18,,,,
1569,31,castan l,cagliari,D,5.5,5.5,0.0,0.0,0.0,0.0,0.0,0.0,2017-18,,,,
4537,31,balic a,udinese,C,6.0,6.0,0.0,0.0,0.0,0.0,0.0,0.0,2017-18,,,,
1197,31,bereszynski b,sampdoria,D,6.0,6.5,0.0,-0.5,0.0,0.0,0.0,0.0,2017-18,,,,
8360,31,barrow m,atalanta,A,6.5,6.5,0.0,0.0,0.0,0.0,0.0,0.0,2017-18,,,,
9964,31,petagna a,atalanta,A,4.0,4.5,0.0,-0.5,0.0,0.0,0.0,0.0,2017-18,,,,
9226,31,immobile c,lazio,A,9.5,6.5,3.0,0.0,0.0,0.0,0.0,0.0,2017-18,,,,
6631,31,lazzari m,spal,C,7.0,7.5,0.0,-0.5,0.0,0.0,0.0,0.0,2017-18,,,,
9518,31,mandzukic m,juventus,A,4.5,5.0,0.0,-0.5,0.0,0.0,0.0,0.0,2017-18,,,,
9188,31,iemmello p,benevento,A,5.5,5.5,0.0,0.0,0.0,0.0,0.0,0.0,2017-18,,,,
4278,31,vukovic j,verona,D,6.5,6.5,0.0,0.0,0.0,0.0,0.0,0.0,2017-18,,,,
8260,31,aarons r,verona,A,5.5,5.5,0.0,0.0,0.0,0.0,0.0,0.0,2017-18,,,,
7332,31,pjanic m,juventus,C,5.5,5.5,0.0,0.0,0.0,0.0,0.0,0.0,2017-18,,,,
2395,31,hateboer h,atalanta,D,6.0,6.0,0.0,0.0,0.0,0.0,0.0,0.0,2017-18,,,,
6093,31,guilherme m,benevento,C,6.5,6.5,0.0,0.0,0.0,0.0,0.0,0.0,2017-18,,,,
7646,31,rog m,napoli,C,,,0.0,0.0,0.0,0.0,0.0,0.0,2017-18,,,,
4129,31,tomovic n,chievo,D,6.5,6.5,0.0,0.0,0.0,0.0,0.0,0.0,2017-18,,,,
4571,31,barak a,udinese,C,6.0,6.0,0.0,0.0,0.0,0.0,0.0,0.0,2017-18,,,,
2796,31,luiz felipe,lazio,D,6.0,6.0,0.0,0.0,0.0,0.0,0.0,0.0,2017-18,,,,
7719,31,saponara r,fiorentina,C,7.0,7.0,0.0,0.0,0.0,0.0,0.0,0.0,2017-18,,,,
8699,31,cornelius a,atalanta,A,5.5,5.5,0.0,0.0,0.0,0.0,0.0,0.0,2017-18,,,,
10021,31,politano m,sassuolo,A,10.0,7.0,3.0,0.0,0.0,0.0,0.0,0.0,2017-18,,,,
223,31,cordaz a,crotone,P,7.5,6.5,0.0,0.0,0.0,0.0,0.0,1.0,2017-18,,,,
1156,31,benatia m,juventus,D,4.5,4.5,0.0,0.0,0.0,0.0,0.0,0.0,2017-18,,,,
3845,31,salamon b,spal,D,6.5,6.5,0.0,0.0,0.0,0.0,0.0,0.0,2017-18,,,,
11110,31,oddo,udinese,0,6.0,6.0,0.0,0.0,0.0,0.0,0.0,0.0,2017-18,,,,
6081,31,grassi a,spal,C,6.5,6.5,0.0,0.0,0.0,0.0,0.0,0.0,2017-18,,,,
5404,31,cristante b,atalanta,C,5.5,5.5,0.0,0.0,0.0,0.0,0.0,0.0,2017-18,,,,
9652,31,milik a,napoli,A,10.5,7.5,3.0,0.0,0.0,0.0,0.0,0.0,2017-18,,,,
7358,31,poli a,bologna,C,5.0,5.0,0.0,0.0,0.0,0.0,0.0,0.0,2017-18,,,,
9140,31,higuain g,juventus,A,7.0,7.0,0.0,0.0,0.0,0.0,0.0,0.0,2017-18,,,,
4615,31,barberis a,crotone,C,6.5,6.5,0.0,0.0,0.0,0.0,0.0,0.0,2017-18,,,,
2194,31,florenzi a,roma,D,5.5,5.5,0.0,0.0,0.0,0.0,0.0,0.0,2017-18,,,,
6658,31,leiva l,lazio,C,6.5,6.5,0.0,0.0,0.0,0.0,0.0,0.0,2017-18,,,,
1,31,alisson,roma,P,3.5,5.5,-2.0,0.0,0.0,0.0,0.0,0.0,2017-18,,,,
10167,31,ricci f,crotone,A,6.5,6.5,0.0,0.0,0.0,0.0,0.0,0.0,2017-18,,,,
9465,31,leris m,chievo,A,,,0.0,0.0,0.0,0.0,0.0,0.0,2017-18,,,,
11015,31,maran,chievo,0,6.0,6.0,0.0,0.0,0.0,0.0,0.0,0.0,2017-18,,,,
8286,31,antenucci m,spal,A,6.5,6.5,0.0,0.0,0.0,0.0,0.0,0.0,2017-18,,,,
11339,31,zenga,crotone,0,7.5,7.5,0.0,0.0,0.0,0.0,0.0,0.0,2017-18,,,,
9446,31,lasagna k,udinese,A,9.5,6.5,3.0,0.0,0.0,0.0,0.0,0.0,2017-18,,,,
5236,31,cataldi d,benevento,C,6.0,6.0,0.0,0.0,0.0,0.0,0.0,0.0,2017-18,,,,
5051,31,brozovic m,inter,C,6.0,6.5,0.0,-0.5,0.0,0.0,0.0,0.0,2017-18,,,,
1001,31,ansaldi c,torino,D,6.5,6.5,0.0,0.0,0.0,0.0,0.0,0.0,2017-18,,,,
8742,31,defrel g,roma,A,4.5,4.5,0.0,0.0,0.0,0.0,0.0,0.0,2017-18,,,,
8393,31,belotti a,torino,A,7.0,7.5,0.0,-0.5,0.0,0.0,0.0,0.0,2017-18,,,,
6451,31,kessie f,milan,C,5.5,6.0,0.0,-0.5,0.0,0.0,0.0,0.0,2017-18,,,,
2354,31,gosens r,atalanta,D,6.0,6.0,0.0,0.0,0.0,0.0,0.0,0.0,2017-18,,,,
3109,31,miangue s,cagliari,D,5.5,5.5,0.0,0.0,0.0,0.0,0.0,0.0,2017-18,,,,
10139,31,ragusa a,sassuolo,A,6.0,6.0,0.0,0.0,0.0,0.0,0.0,0.0,2017-18,,,,
6909,31,mazzitelli l,sassuolo,C,5.5,6.0,0.0,-0.5,0.0,0.0,0.0,0.0,2017-18,,,,
9501,31,lopez m,udinese,A,5.5,5.5,0.0,0.0,0.0,0.0,0.0,0.0,2017-18,,,,
8576,31,callejon j,napoli,A,5.5,5.5,0.0,0.0,0.0,0.0,0.0,0.0,2017-18,,,,
4136,31,tonelli l,napoli,D,5.5,5.5,0.0,0.0,0.0,0.0,0.0,0.0,2017-18,,,,
4253,31,vitor hugo,fiorentina,D,5.5,6.0,0.0,-0.5,0.0,0.0,0.0,0.0,2017-18,,,,
9169,31,icardi m,inter,A,5.5,5.5,0.0,0.0,0.0,0.0,0.0,0.0,2017-18,,,,
272,31,donnarumma g,milan,P,4.5,5.5,-1.0,0.0,0.0,0.0,0.0,0.0,2017-18,,,,
1079,31,bani m,chievo,D,6.0,6.0,0.0,0.0,0.0,0.0,0.0,0.0,2017-18,,,,
11045,31,mazzarri,torino,0,7.0,7.0,0.0,0.0,0.0,0.0,0.0,0.0,2017-18,,,,
6043,31,gonalons m,roma,C,5.0,5.0,0.0,0.0,0.0,0.0,0.0,0.0,2017-18,,,,
6030,31,gil dias,fiorentina,C,6.0,6.0,0.0,0.0,0.0,0.0,0.0,0.0,2017-18,,,,
3862,31,samir,udinese,D,5.5,5.5,0.0,0.0,0.0,0.0,0.0,0.0,2017-18,,,,
10113,31,quagliarella f,sampdoria,A,6.5,6.5,0.0,0.0,0.0,0.0,0.0,0.0,2017-18,,,,
8726,31,cutrone p,milan,A,5.5,5.5,0.0,0.0,0.0,0.0,0.0,0.0,2017-18,,,,
2550,31,kolarov a,roma,D,5.0,5.0,0.0,0.0,0.0,0.0,0.0,0.0,2017-18,,,,
3606,31,rogerio o,sassuolo,D,5.0,5.5,0.0,-0.5,0.0,0.0,0.0,0.0,2017-18,,,,
1613,31,ceccherini f,crotone,D,7.0,7.0,0.0,0.0,0.0,0.0,0.0,0.0,2017-18,,,,
5998,31,giaccherini e,chievo,C,5.0,5.5,0.0,-0.5,0.0,0.0,0.0,0.0,2017-18,,,,
4105,31,toloi r,atalanta,D,,,0.0,0.0,0.0,0.0,0.0,0.0,2017-18,,,,
2852,31,lykogiannis c,cagliari,D,,,0.0,0.0,0.0,0.0,0.0,0.0,2017-18,,,,
2646,31,larsen j,udinese,D,6.0,6.0,0.0,0.0,0.0,0.0,0.0,0.0,2017-18,,,,
4139,31,torosidis v,bologna,D,4.5,5.0,0.0,-0.5,0.0,0.0,0.0,0.0,2017-18,,,,
9407,31,lapadula g,genoa,A,5.5,5.5,0.0,0.0,0.0,0.0,0.0,0.0,2017-18,,,,
4191,31,venuti l,benevento,D,5.5,5.5,0.0,0.0,0.0,0.0,0.0,0.0,2017-18,,,,
9607,31,meggiorini r,chievo,A,5.5,5.5,0.0,0.0,0.0,0.0,0.0,0.0,2017-18,,,,
11263,31,semplici,spal,0,6.5,6.5,0.0,0.0,0.0,0.0,0.0,0.0,2017-18,,,,
2305,31,gobbi m,chievo,D,6.5,6.5,0.0,0.0,0.0,0.0,0.0,0.0,2017-18,,,,
4425,31,alberto l,lazio,C,9.5,6.5,3.0,0.0,0.0,0.0,0.0,0.0,2017-18,,,,
8181,31,viviani f,spal,C,7.0,7.0,0.0,0.0,0.0,0.0,0.0,0.0,2017-18,,,,
2591,31,koulibaly k,napoli,D,5.5,5.5,0.0,0.0,0.0,0.0,0.0,0.0,2017-18,,,,
8556,31,caicedo f,lazio,A,,,0.0,-0.5,0.0,0.0,0.0,0.0,2017-18,,,,
3135,31,milenkovic n,fiorentina,D,6.5,6.5,0.0,0.0,0.0,0.0,0.0,0.0,2017-18,,,,
8648,31,cerci a,verona,A,6.0,6.0,0.0,0.0,0.0,0.0,0.0,0.0,2017-18,,,,
4435,31,allan m,napoli,C,5.5,5.5,0.0,0.0,0.0,0.0,0.0,0.0,2017-18,,,,
11192,31,pioli,fiorentina,0,7.0,7.0,0.0,0.0,0.0,0.0,0.0,0.0,2017-18,,,,
9753,31,palacio r,bologna,A,5.5,5.5,0.0,0.0,0.0,0.0,0.0,0.0,2017-18,,,,
2671,31,laurini v,fiorentina,D,6.0,6.5,0.0,-0.5,0.0,0.0,0.0,0.0,2017-18,,,,
1734,31,costa f,spal,D,6.0,6.0,0.0,0.0,0.0,0.0,0.0,0.0,2017-18,,,,
6247,31,iago falque,torino,C,6.0,6.0,0.0,0.0,0.0,0.0,0.0,0.0,2017-18,,,,
3214,31,moretti e,torino,D,6.5,6.5,0.0,0.0,0.0,0.0,0.0,0.0,2017-18,,,,
3240,31,musacchio m,milan,D,5.0,5.5,0.0,-0.5,0.0,0.0,0.0,0.0,2017-18,,,,
6556,31,laxalt d,genoa,C,5.5,5.5,0.0,0.0,0.0,0.0,0.0,0.0,2017-18,,,,
6355,31,jankto j,udinese,C,6.0,6.0,0.0,0.0,0.0,0.0,0.0,0.0,2017-18,,,,
9327,31,kalinic n,milan,A,9.5,6.5,3.0,0.0,0.0,0.0,0.0,0.0,2017-18,,,,
3235,31,murru n,sampdoria,D,,,0.0,0.0,0.0,0.0,0.0,0.0,2017-18,,,,
11235,31,sarri,napoli,0,7.0,7.0,0.0,0.0,0.0,0.0,0.0,0.0,2017-18,,,,
3807,31,sagna b,benevento,D,6.0,6.0,0.0,0.0,0.0,0.0,0.0,0.0,2017-18,,,,
5155,31,candreva a,inter,C,6.0,6.0,0.0,0.0,0.0,0.0,0.0,0.0,2017-18,,,,
1457,31,cancelo j,inter,D,6.5,6.5,0.0,0.0,0.0,0.0,0.0,0.0,2017-18,,,,
7674,31,rohden m,crotone,C,,,0.0,0.0,0.0,0.0,0.0,0.0,2017-18,,,,
89,31,bizzarri a,udinese,P,3.0,5.0,-2.0,0.0,0.0,0.0,0.0,0.0,2017-18,,,,
8318,31,avenatti f,bologna,A,,,0.0,0.0,0.0,0.0,0.0,0.0,2017-18,,,,
8216,31,zielinski p,napoli,C,6.0,6.0,0.0,0.0,0.0,0.0,0.0,0.0,2017-18,,,,
4389,31,acquah a,torino,C,,,0.0,0.0,0.0,0.0,0.0,0.0,2017-18,,,,
3150,31,miranda j,inter,D,5.5,6.0,0.0,-0.5,0.0,0.0,0.0,0.0,2017-18,,,,
9633,31,mertens d,napoli,A,6.0,5.0,0.0,0.0,0.0,1.0,0.0,0.0,2017-18,,,,
6305,31,ionita a,cagliari,C,5.5,5.5,0.0,0.0,0.0,0.0,0.0,0.0,2017-18,,,,
9340,31,karamoh y,inter,A,6.0,6.0,0.0,0.0,0.0,0.0,0.0,0.0,2017-18,,,,
1505,31,capuano m,crotone,D,6.0,6.5,0.0,-0.5,0.0,0.0,0.0,0.0,2017-18,,,,
6288,31,ingelsson s,udinese,C,,,0.0,0.0,0.0,0.0,0.0,0.0,2017-18,,,,
2688,31,lemos m,sassuolo,D,5.0,5.0,0.0,0.0,0.0,0.0,0.0,0.0,2017-18,,,,
6541,31,kurtic j,spal,C,6.0,6.5,0.0,-0.5,0.0,0.0,0.0,0.0,2017-18,,,,
4366,31,zukanovic e,genoa,D,6.5,6.5,0.0,0.0,0.0,0.0,0.0,0.0,2017-18,,,,
62,31,berisha e,atalanta,P,5.0,6.0,-1.0,0.0,0.0,0.0,0.0,0.0,2017-18,,,,
3631,31,romagna f,cagliari,D,6.0,6.0,0.0,0.0,0.0,0.0,0.0,0.0,2017-18,,,,
1206,31,bianchetti m,verona,D,6.0,6.5,0.0,-0.5,0.0,0.0,0.0,0.0,2017-18,,,,
1685,31,cionek t,spal,D,10.0,7.5,3.0,-0.5,0.0,0.0,0.0,0.0,2017-18,,,,
9803,31,paloschi a,spal,A,6.5,6.5,0.0,0.0,0.0,0.0,0.0,0.0,2017-18,,,,
1793,31,dambrosio d,inter,D,5.5,5.5,0.0,0.0,0.0,0.0,0.0,0.0,2017-18,,,,
1266,31,biraschi d,genoa,D,6.5,6.5,0.0,0.0,0.0,0.0,0.0,0.0,2017-18,,,,
4309,31,widmer s,udinese,D,6.0,6.0,0.0,0.0,0.0,0.0,0.0,0.0,2017-18,,,,
3819,31,sala j,sampdoria,D,5.5,5.5,0.0,0.0,0.0,0.0,0.0,0.0,2017-18,,,,
11151,31,pecchia,verona,0,6.5,6.5,0.0,0.0,0.0,0.0,0.0,0.0,2017-18,,,,
7699,31,sandro,benevento,C,6.5,6.5,0.0,0.0,0.0,0.0,0.0,0.0,2017-18,,,,
4494,31,anderson f,lazio,C,6.5,6.5,0.0,0.0,0.0,0.0,0.0,0.0,2017-18,,,,
5356,31,costa d,juventus,C,10.0,7.0,3.0,0.0,0.0,0.0,0.0,0.0,2017-18,,,,
5109,31,calhanoglu h,milan,C,6.0,6.0,0.0,0.0,0.0,0.0,0.0,0.0,2017-18,,,,
11294,31,spalletti,inter,0,6.0,6.0,0.0,0.0,0.0,0.0,0.0,0.0,2017-18,,,,
9244,31,inglese r,chievo,A,5.0,5.5,0.0,-0.5,0.0,0.0,0.0,0.0,2017-18,,,,
8251,31,zuculini f,verona,C,7.0,7.0,0.0,0.0,0.0,0.0,0.0,0.0,2017-18,,,,
6144,31,hamsik m,napoli,C,5.5,5.5,0.0,0.0,0.0,0.0,0.0,0.0,2017-18,,,,
178,31,consigli a,sassuolo,P,6.5,7.5,-1.0,0.0,0.0,0.0,0.0,0.0,2017-18,,,,
3563,31,regini v,sampdoria,D,5.5,5.5,0.0,0.0,0.0,0.0,0.0,0.0,2017-18,,,,
1226,31,biraghi c,fiorentina,D,5.5,5.5,0.0,0.0,0.0,0.0,0.0,0.0,2017-18,,,,
3498,31,pisacane f,cagliari,D,5.5,5.5,0.0,0.0,0.0,0.0,0.0,0.0,2017-18,,,,
8107,31,veretout j,fiorentina,C,6.5,6.5,0.0,0.0,0.0,0.0,0.0,0.0,2017-18,,,,
2773,31,lirola p,sassuolo,D,6.0,6.0,0.0,0.0,0.0,0.0,0.0,0.0,2017-18,,,,
1288,31,bonucci l,milan,D,5.0,5.5,0.0,-0.5,0.0,0.0,0.0,0.0,2017-18,,,,
9864,31,pavoletti l,cagliari,A,4.5,5.0,0.0,-0.5,0.0,0.0,0.0,0.0,2017-18,,,,
6996,31,missiroli s,sassuolo,C,6.0,6.0,0.0,0.0,0.0,0.0,0.0,0.0,2017-18,,,,
2737,31,lichtsteiner s,juventus,D,5.0,5.0,0.0,0.0,0.0,0.0,0.0,0.0,2017-18,,,,
3579,31,rodriguez r,milan,D,5.0,5.0,0.0,0.0,0.0,0.0,0.0,0.0,2017-18,,,,
3553,31,ranocchia a,inter,D,,,0.0,0.0,0.0,0.0,0.0,0.0,2017-18,,,,
7269,31,perisic i,inter,C,4.0,4.0,0.0,0.0,0.0,0.0,0.0,0.0,2017-18,,,,
8660,31,ceter d,cagliari,A,5.5,5.5,0.0,0.0,0.0,0.0,0.0,0.0,2017-18,,,,
6211,31,hiljemark o,genoa,C,6.5,6.5,0.0,0.0,0.0,0.0,0.0,0.0,2017-18,,,,
10194,31,sau m,cagliari,A,5.0,5.0,0.0,0.0,0.0,0.0,0.0,0.0,2017-18,,,,
1537,31,caracciolo a,verona,D,6.0,6.0,0.0,0.0,0.0,0.0,0.0,0.0,2017-18,,,,
5338,31,cofie i,genoa,C,6.0,6.0,0.0,0.0,0.0,0.0,0.0,0.0,2017-18,,,,
3764,31,rugani d,juventus,D,5.5,5.5,0.0,0.0,0.0,0.0,0.0,0.0,2017-18,,,,
4157,31,tosca a,benevento,D,5.0,5.0,0.0,0.0,0.0,0.0,0.0,0.0,2017-18,,,,
9273,31,insigne l,napoli,A,5.5,6.0,0.0,-0.5,0.0,0.0,0.0,0.0,2017-18,,,,
5184,31,cassata f,sassuolo,C,6.0,6.0,0.0,0.0,0.0,0.0,0.0,0.0,2017-18,,,,
8610,31,caprari g,sampdoria,A,5.5,5.5,0.0,0.0,0.0,0.0,0.0,0.0,2017-18,,,,
6959,31,milinkovic s,lazio,C,6.0,6.0,0.0,0.0,0.0,0.0,0.0,0.0,2017-18,,,,
8146,31,viola n,benevento,C,6.0,6.0,0.0,0.0,0.0,0.0,0.0,0.0,2017-18,,,,
6497,31,khedira s,juventus,C,,,0.0,0.0,0.0,0.0,0.0,0.0,2017-18,,,,
5346,31,cossu a,cagliari,C,6.0,6.0,0.0,0.0,0.0,0.0,0.0,0.0,2017-18,,,,
7189,31,padoin s,cagliari,C,6.0,6.0,0.0,0.0,0.0,0.0,0.0,0.0,2017-18,,,,
1331,31,burdisso n,torino,D,6.5,6.5,0.0,0.0,0.0,0.0,0.0,0.0,2017-18,,,,
9824,31,pandev g,genoa,A,5.5,6.0,0.0,-0.5,0.0,0.0,0.0,0.0,2017-18,,,,
496,31,puggioni c,benevento,P,1.5,5.5,-4.0,0.0,0.0,0.0,0.0,0.0,2017-18,,,,
3370,31,patric,lazio,D,6.0,6.0,0.0,0.0,0.0,0.0,0.0,0.0,2017-18,,,,
4635,31,barella n,cagliari,C,6.0,6.0,0.0,0.0,0.0,0.0,0.0,0.0,2017-18,,,,
10483,31,tupta l,verona,A,6.0,6.0,0.0,0.0,0.0,0.0,0.0,0.0,2017-18,,,,
5776,31,falletti c,bologna,C,5.0,5.0,0.0,0.0,0.0,0.0,0.0,0.0,2017-18,,,,
8501,31,brignola e,benevento,A,6.0,6.0,0.0,0.0,0.0,0.0,0.0,0.0,2017-18,,,,
2951,31,martella b,crotone,D,7.0,7.0,0.0,0.0,0.0,0.0,0.0,0.0,2017-18,,,,
6757,31,lulic s,lazio,C,5.5,5.5,0.0,0.0,0.0,0.0,0.0,0.0,2017-18,,,,
7906,31,torreira l,sampdoria,C,6.0,6.0,0.0,0.0,0.0,0.0,0.0,0.0,2017-18,,,,
8975,31,falcinelli d,fiorentina,A,,,0.0,0.0,0.0,0.0,0.0,0.0,2017-18,,,,
729,31,szczesny w,juventus,P,4.5,6.5,-2.0,0.0,0.0,0.0,0.0,0.0,2017-18,,,,
10868,31,gattuso,milan,0,6.0,6.0,0.0,0.0,0.0,0.0,0.0,0.0,2017-18,,,,
3286,31,n koulou n,torino,D,8.0,8.0,0.0,0.0,0.0,0.0,0.0,0.0,2017-18,,,,
5759,31,eysseric v,fiorentina,C,5.5,5.5,0.0,0.0,0.0,0.0,0.0,0.0,2017-18,,,,
4802,31,benassi m,fiorentina,C,9.5,6.5,3.0,0.0,0.0,0.0,0.0,0.0,2017-18,,,,
5534,31,de paul r,udinese,C,,,0.0,0.0,0.0,0.0,0.0,0.0,2017-18,,,,
708,31,strakosha t,lazio,P,5.0,6.0,-1.0,0.0,0.0,0.0,0.0,0.0,2017-18,,,,
7471,31,radovanovic i,chievo,C,6.0,6.0,0.0,0.0,0.0,0.0,0.0,0.0,2017-18,,,,
409,31,mirante a,bologna,P,5.5,6.5,-1.0,0.0,0.0,0.0,0.0,0.0,2017-18,,,,
7542,31,rigoni l,genoa,C,5.0,5.5,0.0,-0.5,0.0,0.0,0.0,0.0,2017-18,,,,
8810,31,diabate c,benevento,A,14.0,8.0,6.0,0.0,0.0,0.0,0.0,0.0,2017-18,,,,
10480,31,tumminello m,crotone,A,,,0.0,0.0,0.0,0.0,0.0,0.0,2017-18,,,,
10538,31,verdi s,bologna,A,6.0,6.0,0.0,0.0,0.0,0.0,0.0,0.0,2017-18,,,,
10465,31,trotta m,crotone,A,6.5,6.5,0.0,0.0,0.0,0.0,0.0,0.0,2017-18,,,,
5806,31,farago p,cagliari,C,6.0,6.0,0.0,0.0,0.0,0.0,0.0,0.0,2017-18,,,,
7961,31,valdifiori m,torino,C,,,0.0,0.0,0.0,0.0,0.0,0.0,2017-18,,,,
1965,31,depaoli f,chievo,D,5.0,5.5,0.0,-0.5,0.0,0.0,0.0,0.0,2017-18,,,,
2157,31,ferrari a,verona,D,6.5,6.5,0.0,0.0,0.0,0.0,0.0,0.0,2017-18,,,,
5009,31,bonaventura g,milan,C,5.0,5.0,0.0,0.0,0.0,0.0,0.0,0.0,2017-18,,,,
10373,31,suso j,milan,A,6.0,6.0,0.0,0.0,0.0,0.0,0.0,0.0,2017-18,,,,
7566,31,rigoni n,chievo,C,5.5,5.5,0.0,0.0,0.0,0.0,0.0,0.0,2017-18,,,,
2919,31,mario rui,napoli,D,5.5,6.0,0.0,-0.5,0.0,0.0,0.0,0.0,2017-18,,,,
5848,31,fares m,verona,C,6.0,6.5,0.0,-0.5,0.0,0.0,0.0,0.0,2017-18,,,,
10926,31,iachini,sassuolo,0,5.5,6.5,0.0,0.0,-1.0,0.0,0.0,0.0,2017-18,,,,
848,31,adnan a,udinese,D,5.5,5.5,0.0,0.0,0.0,0.0,0.0,0.0,2017-18,,,,
3406,31,peluso f,sassuolo,D,6.0,6.0,0.0,0.0,0.0,0.0,0.0,0.0,2017-18,,,,
378,31,meret a,spal,P,6.0,7.0,-1.0,0.0,0.0,0.0,0.0,0.0,2017-18,,,,
8786,31,di francesco f,bologna,A,5.0,5.5,0.0,-0.5,0.0,0.0,0.0,0.0,2017-18,,,,
6867,31,matuidi b,juventus,C,5.0,5.0,0.0,0.0,0.0,0.0,0.0,0.0,2017-18,,,,
7776,31,sensi s,sassuolo,C,6.0,6.0,0.0,0.0,0.0,0.0,0.0,0.0,2017-18,,,,
4030,31,souprayen s,verona,D,6.0,6.0,0.0,0.0,0.0,0.0,0.0,0.0,2017-18,,,,
782,31,abate i,milan,D,6.0,6.0,0.0,0.0,0.0,0.0,0.0,0.0,2017-18,,,,
2005,31,djimsiti b,benevento,D,5.5,5.5,0.0,0.0,0.0,0.0,0.0,0.0,2017-18,,,,
10894,31,giampaolo,sampdoria,0,5.5,5.5,0.0,0.0,0.0,0.0,0.0,0.0,2017-18,,,,
766,31,viviano e,sampdoria,P,7.0,6.0,0.0,0.0,0.0,0.0,0.0,1.0,2017-18,,,,
5746,31,everton l,spal,C,5.5,5.5,0.0,0.0,0.0,0.0,0.0,0.0,2017-18,,,,
687,31,sportiello m,fiorentina,P,8.0,7.0,0.0,0.0,0.0,0.0,0.0,1.0,2017-18,,,,
7536,31,ramirez g,sampdoria,C,,,0.0,0.0,0.0,0.0,0.0,0.0,2017-18,,,,
454,31,nicolas a,verona,P,8.0,7.0,0.0,0.0,0.0,0.0,0.0,1.0,2017-18,,,,
10682,31,d lopez,cagliari,0,5.5,5.5,0.0,0.0,0.0,0.0,0.0,0.0,2017-18,,,,
2467,31,hysaj e,napoli,D,5.5,5.5,0.0,0.0,0.0,0.0,0.0,0.0,2017-18,,,,
5648,31,diawara a,napoli,C,9.5,6.5,3.0,0.0,0.0,0.0,0.0,0.0,2017-18,,,,
10791,31,donadoni,bologna,0,5.0,5.0,0.0,0.0,0.0,0.0,0.0,0.0,2017-18,,,,
7071,31,nainggolan r,roma,C,4.5,4.5,0.0,0.0,0.0,0.0,0.0,0.0,2017-18,,,,
3009,31,masiello a,atalanta,D,6.5,6.5,0.0,0.0,0.0,0.0,0.0,0.0,2017-18,,,,
536,31,reina p,napoli,P,4.5,5.5,-1.0,0.0,0.0,0.0,0.0,0.0,2017-18,,,,
7836,31,strootman k,roma,C,4.0,4.0,0.0,0.0,0.0,0.0,0.0,0.0,2017-18,,,,
4893,31,bertolacci a,genoa,C,6.0,6.0,0.0,0.0,0.0,0.0,0.0,0.0,2017-18,,,,
3956,31,silvestre m,sampdoria,D,6.5,6.5,0.0,0.0,0.0,0.0,0.0,0.0,2017-18,,,,
490,31,perin m,genoa,P,7.5,6.5,0.0,0.0,0.0,0.0,0.0,1.0,2017-18,,,,
5619,31,del pinto l,benevento,C,,,0.0,0.0,0.0,0.0,0.0,0.0,2017-18,,,,
10730,31,de zerbi,benevento,0,7.0,7.0,0.0,0.0,0.0,0.0,0.0,0.0,2017-18,,,,
7828,31,stoian a,crotone,C,7.0,7.0,0.0,0.0,0.0,0.0,0.0,0.0,2017-18,,,,
3023,31,masina a,bologna,D,5.0,5.0,0.0,0.0,0.0,0.0,0.0,0.0,2017-18,,,,
8865,31,dzeko e,roma,A,5.0,5.5,0.0,-0.5,0.0,0.0,0.0,0.0,2017-18,,,,
3710,31,romulo,verona,D,8.5,6.5,0.0,0.0,0.0,2.0,0.0,0.0,2017-18,,,,
10749,31,di francesco,roma,0,5.0,5.0,0.0,0.0,0.0,0.0,0.0,0.0,2017-18,,,,
6845,31,mandragora r,crotone,C,6.5,7.0,0.0,-0.5,0.0,0.0,0.0,0.0,2017-18,,,,
3352,31,palomino j,atalanta,D,6.0,6.0,0.0,0.0,0.0,0.0,0.0,0.0,2017-18,,,,
4937,31,biglia l,milan,C,5.0,5.0,0.0,0.0,0.0,0.0,0.0,0.0,2017-18,,,,
5669,31,djuricic f,benevento,C,6.5,6.5,0.0,0.0,0.0,0.0,0.0,0.0,2017-18,,,,
6852,31,marchisio c,juventus,C,6.0,6.0,0.0,0.0,0.0,0.0,0.0,0.0,2017-18,,,,
5727,31,dzemaili b,bologna,C,4.5,5.0,0.0,-0.5,0.0,0.0,0.0,0.0,2017-18,,,,
3990,31,skriniar m,inter,D,6.0,6.0,0.0,0.0,0.0,0.0,0.0,0.0,2017-18,,,,
10577,31,zapata d,sampdoria,A,7.0,7.0,0.0,0.0,0.0,0.0,0.0,0.0,2017-18,,,,
8934,31,el shaarawy s,roma,A,4.5,5.0,0.0,-0.5,0.0,0.0,0.0,0.0,2017-18,,,,
2976,31,marusic a,lazio,D,6.5,6.5,0.0,0.0,0.0,0.0,0.0,0.0,2017-18,,,,
640,31,sorrentino s,chievo,P,6.5,7.5,-2.0,0.0,0.0,1.0,0.0,0.0,2017-18,,,,
8825,31,dybala p,juventus,A,14.5,7.5,3.0,0.0,0.0,4.0,0.0,0.0,2017-18,,,,
10594,31,allegri,juventus,0,6.0,6.0,0.0,0.0,0.0,0.0,0.0,0.0,2017-18,,,,
4724,31,bastien s,chievo,C,6.0,6.0,0.0,0.0,0.0,0.0,0.0,0.0,2017-18,,,,
7490,31,rafinha,inter,C,6.5,6.5,0.0,0.0,0.0,0.0,0.0,0.0,2017-18,,,,
10831,31,gasperini,atalanta,0,6.0,6.0,0.0,0.0,0.0,0.0,0.0,0.0,2017-18,,,,
8922,31,edera s,torino,A,6.5,6.5,0.0,0.0,0.0,0.0,0.0,0.0,2017-18,,,,
2132,31,felipe,spal,D,7.0,7.0,0.0,0.0,0.0,0.0,0.0,0.0,2017-18,,,,
3316,31,nuytinck b,udinese,D,6.0,6.0,0.0,0.0,0.0,0.0,0.0,0.0,2017-18,,,,
612,31,sirigu s,torino,P,9.0,8.0,0.0,0.0,0.0,0.0,0.0,1.0,2017-18,,,,
5566,31,de roon m,atalanta,C,9.5,6.5,3.0,0.0,0.0,0.0,0.0,0.0,2017-18,,,,
10641,31,ballardini,genoa,0,6.5,6.5,0.0,0.0,0.0,0.0,0.0,0.0,2017-18,,,,
5676,31,donsah g,bologna,C,5.0,5.0,0.0,0.0,0.0,0.0,0.0,0.0,2017-18,,,,
2068,31,fazio f,roma,D,5.0,5.0,0.0,0.0,0.0,0.0,0.0,0.0,2017-18,,,,
2056,31,faraoni d,crotone,D,6.5,6.5,0.0,0.0,0.0,0.0,0.0,0.0,2017-18,,,,
9042,31,floccari s,spal,A,,,0.0,0.0,0.0,0.0,0.0,0.0,2017-18,,,,
822,31,acerbi f,sassuolo,D,6.5,6.5,0.0,0.0,0.0,0.0,0.0,0.0,2017-18,,,,
5892,31,fossati m,verona,C,6.0,6.5,0.0,-0.5,0.0,0.0,0.0,0.0,2017-18,,,,
1916,31,de silvestri l,torino,D,7.5,7.5,0.0,0.0,0.0,0.0,0.0,0.0,2017-18,,,,
5952,31,gagliardini r,inter,C,6.0,6.5,0.0,-0.5,0.0,0.0,0.0,0.0,2017-18,,,,
3424,31,peres b,roma,D,5.0,5.5,0.0,-0.5,0.0,0.0,0.0,0.0,2017-18,,,,
921,31,alex sandro,juventus,D,4.5,4.5,0.0,0.0,0.0,0.0,0.0,0.0,2017-18,,,,
9087,31,gomez a,atalanta,A,6.0,6.0,0.0,0.0,0.0,0.0,0.0,0.0,2017-18,,,,
2522,31,jesus j,roma,D,4.5,5.0,0.0,-0.5,0.0,0.0,0.0,0.0,2017-18,,,,
348,31,handanovic s,inter,P,5.5,6.5,-1.0,0.0,0.0,0.0,0.0,0.0,2017-18,,,,
1956,31,dell orco c,sassuolo,D,5.5,5.5,0.0,0.0,0.0,0.0,0.0,0.0,2017-18,,,,
3904,31,sampirisi m,crotone,D,6.5,6.5,0.0,0.0,0.0,0.0,0.0,0.0,2017-18,,,,
1941,31,de vrij s,lazio,D,6.0,6.0,0.0,0.0,0.0,0.0,0.0,0.0,2017-18,,,,
6686,31,linetty k,sampdoria,C,6.0,6.0,0.0,0.0,0.0,0.0,0.0,0.0,2017-18,,,,
8416,31,berardi d,sassuolo,A,5.5,5.5,0.0,0.0,0.0,0.0,0.0,0.0,2017-18,,,,
6701,31,ljajic a,torino,C,10.5,7.5,3.0,0.0,0.0,0.0,0.0,0.0,2017-18,,,,
5902,31,freuler r,atalanta,C,5.0,5.5,0.0,-0.5,0.0,0.0,0.0,0.0,2017-18,,,,
7407,31,praet d,sampdoria,C,6.5,6.5,0.0,0.0,0.0,0.0,0.0,0.0,2017-18,,,,
4702,31,baselli d,torino,C,6.5,7.0,0.0,-0.5,0.0,0.0,0.0,0.0,2017-18,,,,
10270,31,simeone g,fiorentina,A,10.5,7.5,3.0,0.0,0.0,0.0,0.0,0.0,2017-18,,,,
10959,31,inzaghi,lazio,0,6.0,6.0,0.0,0.0,0.0,0.0,0.0,0.0,2017-18,,,,
5451,31,cuadrado j,juventus,C,5.5,5.5,0.0,0.0,0.0,0.0,0.0,0.0,2017-18,,,,
10235,31,schick p,roma,A,6.0,6.0,0.0,0.0,0.0,0.0,0.0,0.0,2017-18,,,,
10255,31,silva a,milan,A,5.5,5.5,0.0,0.0,0.0,0.0,0.0,0.0,2017-18,,,,
10330,31,stepinski m,chievo,A,10.0,7.0,3.0,0.0,0.0,0.0,0.0,0.0,2017-18,,,,
9063,31,galabinov a,genoa,A,,,0.0,0.0,0.0,0.0,0.0,0.0,2017-18,,,,
5476,31,dabo b,fiorentina,C,7.0,7.0,0.0,0.0,0.0,0.0,0.0,0.0,2017-18,,,,
4051,31,spolli n,genoa,D,6.0,6.0,0.0,0.0,0.0,0.0,0.0,0.0,2017-18,,,,
7969,31,valero b,inter,C,5.0,5.0,0.0,0.0,0.0,0.0,0.0,0.0,2017-18,,,,
7421,31,pulgar e,bologna,C,5.0,5.0,0.0,0.0,0.0,0.0,0.0,0.0,2017-18,,,,
2888,31,manolas k,roma,D,4.5,4.5,0.0,0.0,0.0,0.0,0.0,0.0,2017-18,,,,
2184,31,ferrari g,sampdoria,D,6.0,6.0,0.0,0.0,0.0,0.0,0.0,0.0,2017-18,,,,
10310,31,simy,crotone,A,10.5,7.5,3.0,0.0,0.0,0.0,0.0,0.0,2017-18,,,,
3421,31,pereira p,genoa,D,6.5,6.5,0.0,0.0,0.0,0.0,0.0,0.0,2017-18,,,,
7047,31,murgia a,lazio,C,5.5,6.0,0.0,-0.5,0.0,0.0,0.0,0.0,2017-18,,,,
3667,31,romagnoli a,milan,D,,,0.0,0.0,0.0,0.0,0.0,0.0,2017-18,,,,
2417,31,helander f,bologna,D,5.5,5.5,0.0,0.0,0.0,0.0,0.0,0.0,2017-18,,,,
8014,31,valoti m,verona,C,5.5,6.0,0.0,-0.5,0.0,0.0,0.0,0.0,2017-18,,,,
7133,31,obi j,torino,C,6.5,6.5,0.0,0.0,0.0,0.0,0.0,0.0,2017-18,,,,
2883,31,mancini g,atalanta,D,7.0,7.0,0.0,0.0,0.0,0.0,0.0,0.0,2017-18,,,,
